CDM_base_stock$f43d75c99c6afc6e6d7cc470b9e0f2334fc6d752,ammoniums_100x_stock$dcdffe25dad22ff7ca1fe1ccfdfc479504aea16e,dl_alanine_100x_stock$426d709b43bd1245952d2eb805e13675dd86c8c1,glycine_100x_stock$410875a52faec89d30c3a70377977ff7a8caf6c6,l_arginine_100x_stock$6443a6d8f5acf1de12e1632fed49cb590624356e,l_asparagine_100x_stock$7230ccccdcd5fd980b4ed6461e4acc9913ec83d5,l_aspartic_acid_45x_stock$63b24b5a8cb6ef024412475d074c60188f234e0b,l_cysteine_100x_stock$50832f6e3a29bc5c8cc4f1817553992a1e4a8af3,l_glutamic_acid_75x_stock$34fad8c1e7553f389bac9698decaf44a9b2ffebe,l_glutamine_100x_stock$61b094e21b57592d40f0b902cc0680fd03306b9f,l_histidine_100x_stock$943fccade083d4fd03b4742335a862d8f3c1c751,l_isoleucine_100x_stock$8bd8791de8a633899ef9730531353c6359f4811f,l_leucine_100x_stock$d024fc69941c4d603b83dcfe83b659a80da843be,l_lysine_100x_stock$d32c473237a4b7d7d449749a81bd48a14bd1ad42,l_methionine_100x_stock$ec5d19d68d6d6a802f92e31440fd686fac668380,l_phenylalanine_100x_stock$8120f4b369553dcaeb53f3c64dddc1ccaf5cc863,l_serine_100x_stock$cb1550292dba7ad22f315840b8478179f1fe5b0f,l_threonine_100x_stock$c54f53fe9c659f5ec3f11824d0a8069083c3c0aa,l_tryptophan_100x_stock$1a2c6bfb43db0b7ba11f871f3289fa4e24b38a6b,l_tyrosine_100x_stock$46256b848fa828ea4960d23e140dc14d18357434,l_valine_100x_stock$ed3384f8133348afe5a9f23f97a2eaa8326e2114,prolines_100x_stock$ba8338a7fa70463a942f124b8423b9f34db5cea4,water
1,2,3,4,5,6,7,8,9,10,11,12,13,14,15,16,17,18,19,20,21,22,23
40.0,0.1,0.8,0.0,0.8,0.8,1.8,0.0,1.1,0.8,0.8,0.8,0.8,0.8,0.8,0.8,0.8,0.8,0.8,0.8,0.8,0.8,22.1
40.0,0.1,0.8,0.8,0.8,0.8,1.8,0.8,1.1,0.8,0.8,0.8,0.8,0.8,0.8,0.8,0.8,0.0,0.8,0.8,0.0,0.8,22.1
40.0,0.1,0.8,0.8,0.8,0.8,1.8,0.8,1.1,0.8,0.8,0.8,0.8,0.8,0.8,0.8,0.8,0.0,0.0,0.8,0.8,0.8,22.1
40.0,0.1,0.8,0.8,0.8,0.8,1.8,0.8,0.0,0.8,0.8,0.8,0.8,0.8,0.8,0.8,0.8,0.8,0.0,0.8,0.8,0.8,22.4
40.0,0.1,0.8,0.8,0.8,0.8,1.8,0.8,1.1,0.8,0.0,0.8,0.8,0.8,0.8,0.8,0.8,0.8,0.8,0.8,0.0,0.8,22.1
40.0,0.1,0.8,0.8,0.8,0.8,1.8,0.8,1.1,0.8,0.8,0.0,0.8,0.8,0.8,0.8,0.8,0.8,0.8,0.8,0.0,0.8,22.1
40.0,0.1,0.8,0.8,0.8,0.8,1.8,0.8,0.0,0.8,0.8,0.8,0.0,0.8,0.8,0.8,0.8,0.8,0.8,0.8,0.8,0.8,22.4
40.0,0.1,0.8,0.8,0.8,0.8,1.8,0.8,0.0,0.0,0.8,0.8,0.8,0.8,0.8,0.8,0.8,0.8,0.8,0.8,0.8,0.8,22.4
40.0,0.1,0.8,0.8,0.8,0.8,1.8,0.8,1.1,0.0,0.8,0.8,0.8,0.8,0.8,0.8,0.8,0.8,0.8,0.0,0.8,0.8,22.1
40.0,0.8,0.8,0.8,0.8,0.8,1.8,0.8,1.1,0.8,0.8,0.8,0.8,0.8,0.8,0.8,0.8,0.8,0.8,0.8,0.8,0.8,19.8
39.6,0.1,0.8,0.8,0.0,0.8,1.8,0.8,1.1,0.8,0.8,0.8,0.8,0.8,0.8,0.8,0.8,0.8,0.8,0.8,0.8,0.8,21.7
40.0,0.1,0.8,0.8,0.8,0.8,1.8,0.8,1.1,0.8,0.8,0.8,0.8,0.8,0.8,0.8,0.8,0.0,0.8,0.8,0.8,0.8,21.3
40.0,0.1,0.8,0.8,0.0,0.0,1.8,0.8,1.1,0.8,0.8,0.8,0.8,0.8,0.8,0.8,0.8,0.8,0.8,0.8,0.8,0.8,22.1
40.0,0.1,0.8,0.8,0.8,0.8,1.8,0.8,0.0,0.8,0.8,0.8,0.8,0.8,0.8,0.8,0.8,0.8,0.0,0.8,0.8,0.8,22.4
40.0,0.1,0.8,0.8,0.8,0.8,1.8,0.8,1.1,0.8,0.8,0.8,0.0,0.8,0.8,0.8,0.8,0.8,0.8,0.8,0.8,0.0,22.1
40.0,0.1,0.8,0.8,0.8,0.8,1.8,0.8,1.1,0.8,0.8,0.8,0.8,0.0,0.8,0.0,0.8,0.8,0.8,0.8,0.8,0.8,22.1
40.0,0.1,0.8,0.0,0.8,0.8,1.8,0.8,1.1,0.8,0.8,0.8,0.8,0.8,0.0,0.8,0.8,0.8,0.8,0.8,0.8,0.8,22.1
39.6,0.1,0.8,0.8,0.8,0.8,1.8,0.8,1.1,0.8,0.8,0.8,0.8,0.8,0.8,0.8,0.8,0.8,0.8,0.8,0.0,0.8,21.7
40.0,0.1,0.8,0.8,0.8,0.8,1.8,0.0,1.1,0.8,0.8,0.8,0.0,0.8,0.8,0.8,0.8,0.8,0.8,0.8,0.8,0.8,22.1
40.0,0.1,0.8,0.0,0.8,0.8,1.8,0.8,1.1,0.8,0.8,0.8,0.8,0.8,0.8,0.8,0.8,0.8,0.8,0.0,0.8,0.8,22.1
40.0,0.1,0.8,0.8,0.8,0.8,1.8,0.0,1.1,0.8,0.8,0.8,0.8,0.8,0.8,0.8,0.8,0.8,0.0,0.8,0.8,0.8,22.1
40.0,0.1,0.8,0.8,0.8,0.8,1.8,0.8,1.1,0.8,0.8,0.8,0.8,0.8,0.8,0.0,0.8,0.0,0.8,0.8,0.8,0.8,22.1
40.0,0.1,0.8,0.8,0.8,0.8,1.8,0.8,1.1,0.8,0.8,0.8,0.0,0.8,0.8,0.8,0.8,0.8,0.8,0.8,0.8,0.0,22.1
39.6,0.1,0.8,0.8,0.8,0.0,1.8,0.8,1.1,0.8,0.8,0.8,0.8,0.8,0.8,0.8,0.8,0.8,0.8,0.8,0.8,0.8,21.7
40.0,0.1,0.8,0.8,0.8,0.8,0.0,0.8,0.0,0.8,0.8,0.8,0.8,0.8,0.8,0.8,0.8,0.8,0.8,0.8,0.8,0.8,23.4
40.0,0.1,0.8,0.8,0.8,0.8,1.8,0.8,1.1,0.8,0.0,0.8,0.8,0.8,0.8,0.8,0.8,0.8,0.8,0.8,0.8,0.0,22.1
40.0,0.1,0.8,0.8,0.8,0.8,1.8,0.8,1.1,0.8,0.8,0.8,0.8,0.8,0.0,0.8,0.8,0.8,0.8,0.8,0.0,0.8,22.1
40.0,0.1,0.8,0.0,0.8,0.8,1.8,0.8,1.1,0.8,0.0,0.8,0.8,0.8,0.8,0.8,0.8,0.8,0.8,0.8,0.8,0.8,22.1
40.0,0.1,0.8,0.8,0.8,0.8,1.8,0.8,1.1,0.0,0.8,0.8,0.8,0.0,0.8,0.8,0.8,0.8,0.8,0.8,0.8,0.8,22.1
40.0,0.1,0.8,0.8,0.8,0.8,1.8,0.8,1.1,0.0,0.8,0.8,0.8,0.8,0.8,0.8,0.8,0.8,0.8,0.8,0.8,0.8,21.3
40.0,0.1,0.8,0.8,0.8,0.8,1.8,0.8,1.1,0.0,0.8,0.8,0.8,0.0,0.8,0.8,0.8,0.8,0.8,0.8,0.8,0.8,22.1
40.0,0.1,0.8,0.8,0.8,0.8,1.8,0.8,1.1,0.8,0.8,0.8,0.8,0.8,0.8,0.8,0.8,0.8,0.0,0.8,0.8,0.0,22.1
40.0,0.1,0.8,0.8,0.8,0.8,0.0,0.0,1.1,0.8,0.8,0.8,0.8,0.8,0.8,0.8,0.8,0.8,0.8,0.8,0.8,0.8,23.1
40.0,0.1,0.8,0.0,0.8,0.8,1.8,0.8,1.1,0.8,0.0,0.8,0.8,0.8,0.8,0.8,0.8,0.8,0.8,0.8,0.8,0.8,22.1
40.0,0.1,0.8,0.8,0.8,0.0,1.8,0.8,1.1,0.0,0.8,0.8,0.8,0.8,0.8,0.8,0.8,0.8,0.8,0.8,0.8,0.8,22.1
40.0,0.1,0.8,0.8,0.8,0.0,1.8,0.8,1.1,0.8,0.8,0.8,0.8,0.8,0.8,0.8,0.8,0.8,0.8,0.8,0.0,0.8,22.1
40.0,0.1,0.8,0.8,0.0,0.8,1.8,0.8,1.1,0.8,0.8,0.8,0.8,0.8,0.8,0.8,0.8,0.8,0.0,0.8,0.8,0.8,22.1
40.0,0.1,0.8,0.8,0.8,0.8,1.8,0.8,1.1,0.8,0.8,0.8,0.8,0.8,0.0,0.8,0.8,0.8,0.8,0.8,0.0,0.8,22.1
39.6,0.1,0.8,0.8,0.0,0.8,1.8,0.8,1.1,0.8,0.8,0.8,0.8,0.8,0.8,0.8,0.8,0.8,0.8,0.8,0.8,0.8,21.7
40.0,0.1,0.0,0.8,0.8,0.8,1.8,0.8,1.1,0.8,0.8,0.8,0.8,0.8,0.8,0.0,0.8,0.8,0.8,0.8,0.8,0.8,22.1
40.0,0.1,0.8,0.0,0.8,0.8,1.8,0.8,1.1,0.8,0.8,0.0,0.8,0.8,0.8,0.8,0.8,0.8,0.8,0.8,0.8,0.8,22.1
40.0,0.1,0.8,0.8,0.8,0.8,1.8,0.8,1.1,0.8,0.8,0.8,0.0,0.8,0.8,0.8,0.8,0.8,0.8,0.8,0.8,0.0,22.1
40.0,0.1,0.8,0.8,0.8,0.8,1.8,0.8,1.1,0.0,0.8,0.8,0.8,0.0,0.8,0.8,0.8,0.8,0.8,0.8,0.8,0.8,22.1
40.0,0.8,0.8,0.8,0.8,0.8,1.8,0.8,1.1,0.8,0.8,0.8,0.8,0.8,0.8,0.8,0.8,0.8,0.8,0.8,0.8,0.8,19.8
40.0,0.1,0.8,0.8,0.8,0.8,1.8,0.8,1.1,0.8,0.8,0.8,0.8,0.8,0.8,0.8,0.8,0.0,0.8,0.8,0.0,0.8,22.1
40.0,0.1,0.8,0.8,0.8,0.8,1.8,0.8,1.1,0.0,0.8,0.8,0.8,0.0,0.8,0.8,0.8,0.8,0.8,0.8,0.8,0.8,22.1
39.6,0.1,0.8,0.8,0.8,0.8,1.8,0.8,1.1,0.8,0.8,0.8,0.8,0.8,0.8,0.8,0.8,0.8,0.8,0.8,0.0,0.8,21.7
40.0,0.1,0.8,0.8,0.8,0.8,1.8,0.8,1.1,0.8,0.8,0.8,0.8,0.8,0.8,0.8,0.8,0.0,0.0,0.8,0.8,0.8,22.1
40.0,0.1,0.8,0.0,0.8,0.8,1.8,0.8,1.1,0.8,0.8,0.8,0.8,0.8,0.0,0.8,0.8,0.8,0.8,0.8,0.8,0.8,22.1
40.0,0.1,0.8,0.8,0.8,0.8,0.0,0.8,1.1,0.8,0.8,0.8,0.8,0.8,0.8,0.8,0.8,0.8,0.8,0.8,0.8,0.0,23.1
40.0,0.1,0.8,0.8,0.8,0.8,0.0,0.0,1.1,0.8,0.8,0.8,0.8,0.8,0.8,0.8,0.8,0.8,0.8,0.8,0.8,0.8,23.1
40.0,0.1,0.8,0.8,0.8,0.8,1.8,0.8,0.0,0.8,0.8,0.8,0.8,0.8,0.8,0.0,0.8,0.8,0.8,0.8,0.8,0.8,22.4
40.0,0.1,0.8,0.8,0.8,0.8,1.8,0.8,0.0,0.8,0.8,0.8,0.8,0.8,0.8,0.0,0.8,0.8,0.8,0.8,0.8,0.8,22.4
40.0,0.1,0.8,0.8,0.8,0.8,0.0,0.8,1.1,0.8,0.8,0.8,0.8,0.0,0.8,0.8,0.8,0.8,0.8,0.8,0.8,0.8,23.1
40.0,0.1,0.8,0.8,0.8,0.0,1.8,0.8,1.1,0.8,0.8,0.8,0.8,0.8,0.0,0.8,0.8,0.8,0.8,0.8,0.8,0.8,22.1
40.0,0.1,0.0,0.8,0.8,0.8,0.0,0.8,1.1,0.8,0.8,0.8,0.8,0.8,0.8,0.8,0.8,0.8,0.8,0.8,0.8,0.8,23.1
40.0,0.1,0.8,0.8,0.8,0.8,0.0,0.8,0.0,0.8,0.8,0.8,0.8,0.8,0.8,0.8,0.8,0.8,0.8,0.8,0.8,0.8,23.4
40.0,0.1,0.0,0.8,0.8,0.8,1.8,0.8,1.1,0.8,0.8,0.8,0.8,0.8,0.0,0.8,0.8,0.8,0.8,0.8,0.8,0.8,22.1
40.0,0.1,0.8,0.8,0.8,0.0,1.8,0.8,1.1,0.8,0.8,0.8,0.8,0.8,0.8,0.8,0.8,0.8,0.8,0.8,0.0,0.8,22.1
40.0,0.1,0.8,0.8,0.8,0.8,1.8,0.8,1.1,0.8,0.8,0.0,0.8,0.8,0.8,0.8,0.0,0.8,0.8,0.8,0.8,0.8,22.1
39.6,0.1,0.8,0.8,0.8,0.8,1.8,0.8,1.1,0.8,0.8,0.8,0.8,0.0,0.8,0.8,0.8,0.8,0.8,0.8,0.8,0.8,21.7
40.0,0.1,0.8,0.8,0.8,0.8,1.8,0.8,1.1,0.8,0.8,0.8,0.8,0.0,0.8,0.8,0.8,0.8,0.0,0.8,0.8,0.8,22.1
40.0,0.1,0.8,0.8,0.8,0.8,1.8,0.8,1.1,0.8,0.0,0.8,0.8,0.8,0.8,0.8,0.0,0.8,0.8,0.8,0.8,0.8,22.1
40.0,0.1,0.8,0.8,0.8,0.8,0.0,0.8,1.1,0.8,0.8,0.8,0.8,0.8,0.8,0.8,0.0,0.8,0.8,0.8,0.8,0.8,23.1
40.0,0.1,0.8,0.8,0.8,0.8,1.8,0.8,1.1,0.8,0.8,0.8,0.8,0.8,0.8,0.8,0.8,0.8,0.0,0.8,0.8,0.0,22.1
40.0,0.1,0.8,0.8,0.8,0.8,1.8,0.8,1.1,0.0,0.8,0.8,0.8,0.8,0.8,0.8,0.8,0.8,0.8,0.0,0.8,0.8,22.1
40.0,0.1,0.8,0.8,0.8,0.8,1.8,0.8,1.1,0.8,0.8,0.8,0.8,0.8,0.8,0.8,0.0,0.8,0.8,0.8,0.8,0.8,21.3
40.0,0.1,0.8,0.8,0.8,0.8,1.8,0.8,1.1,0.8,0.8,0.8,0.8,0.8,0.8,0.8,0.0,0.0,0.8,0.8,0.8,0.8,22.1
40.0,0.1,0.8,0.0,0.8,0.8,1.8,0.8,1.1,0.8,0.8,0.8,0.8,0.8,0.8,0.8,0.8,0.8,0.8,0.8,0.8,0.8,21.3
40.0,0.1,0.8,0.8,0.8,0.8,1.8,0.0,1.1,0.8,0.8,0.8,0.0,0.8,0.8,0.8,0.8,0.8,0.8,0.8,0.8,0.8,22.1
40.0,0.1,0.0,0.8,0.8,0.8,1.8,0.8,1.1,0.8,0.8,0.8,0.8,0.8,0.8,0.0,0.8,0.8,0.8,0.8,0.8,0.8,22.1
40.0,0.1,0.8,0.8,0.0,0.8,1.8,0.8,1.1,0.8,0.8,0.8,0.8,0.8,0.8,0.0,0.8,0.8,0.8,0.8,0.8,0.8,22.1
40.0,0.1,0.8,0.8,0.0,0.8,1.8,0.8,0.0,0.8,0.8,0.8,0.8,0.8,0.8,0.8,0.8,0.8,0.8,0.8,0.8,0.8,22.4
40.0,0.1,0.8,0.8,0.8,0.8,1.8,0.8,1.1,0.8,0.8,0.8,0.8,0.0,0.8,0.0,0.8,0.8,0.8,0.8,0.8,0.8,22.1
40.0,0.1,0.8,0.0,0.8,0.8,1.8,0.8,1.1,0.8,0.0,0.8,0.8,0.8,0.8,0.8,0.8,0.8,0.8,0.8,0.8,0.8,22.1
40.0,0.8,0.8,0.8,0.8,0.8,1.8,0.8,1.1,0.8,0.8,0.8,0.8,0.8,0.8,0.8,0.8,0.8,0.8,0.8,0.8,0.8,19.8
40.0,0.1,0.0,0.8,0.8,0.8,0.0,0.8,1.1,0.8,0.8,0.8,0.8,0.8,0.8,0.8,0.8,0.8,0.8,0.8,0.8,0.8,23.1
40.0,0.1,0.8,0.8,0.8,0.0,1.8,0.8,1.1,0.8,0.8,0.8,0.8,0.8,0.8,0.8,0.8,0.8,0.8,0.8,0.0,0.8,22.1
40.0,0.1,0.0,0.8,0.8,0.8,1.8,0.8,0.0,0.8,0.8,0.8,0.8,0.8,0.8,0.8,0.8,0.8,0.8,0.8,0.8,0.8,22.4
40.0,0.1,0.8,0.8,0.8,0.8,0.0,0.8,1.1,0.8,0.8,0.8,0.8,0.8,0.8,0.8,0.0,0.8,0.8,0.8,0.8,0.8,23.1
40.0,0.1,0.8,0.8,0.8,0.8,1.8,0.8,1.1,0.0,0.8,0.8,0.8,0.8,0.8,0.8,0.8,0.8,0.8,0.8,0.0,0.8,22.1
40.0,0.1,0.8,0.8,0.8,0.8,0.0,0.8,1.1,0.8,0.8,0.0,0.8,0.8,0.8,0.8,0.8,0.8,0.8,0.8,0.8,0.8,23.1
40.0,0.1,0.8,0.8,0.8,0.8,1.8,0.8,1.1,0.8,0.8,0.8,0.8,0.8,0.8,0.8,0.8,0.0,0.8,0.8,0.0,0.8,22.1
40.0,0.1,0.8,0.8,0.8,0.8,1.8,0.8,1.1,0.8,0.8,0.8,0.8,0.8,0.8,0.8,0.8,0.0,0.0,0.8,0.8,0.8,22.1
40.0,0.1,0.8,0.8,0.8,0.8,1.8,0.8,1.1,0.8,0.8,0.8,0.0,0.0,0.8,0.8,0.8,0.8,0.8,0.8,0.8,0.8,22.1
40.0,0.1,0.8,0.0,0.8,0.8,1.8,0.0,1.1,0.8,0.8,0.8,0.8,0.8,0.8,0.8,0.8,0.8,0.8,0.8,0.8,0.8,22.1
40.0,0.1,0.8,0.8,0.8,0.8,1.8,0.8,1.1,0.8,0.8,0.8,0.8,0.8,0.8,0.0,0.8,0.8,0.8,0.0,0.8,0.8,22.1
40.0,0.1,0.8,0.8,0.0,0.8,1.8,0.8,1.1,0.8,0.8,0.8,0.8,0.8,0.8,0.0,0.8,0.8,0.8,0.8,0.8,0.8,22.1
40.0,0.1,0.8,0.8,0.0,0.8,1.8,0.8,1.1,0.8,0.8,0.8,0.0,0.8,0.8,0.8,0.8,0.8,0.8,0.8,0.8,0.8,22.1
39.6,0.1,0.8,0.8,0.0,0.8,1.8,0.8,1.1,0.8,0.8,0.8,0.8,0.8,0.8,0.8,0.8,0.8,0.8,0.8,0.8,0.8,21.7
40.0,0.1,0.8,0.8,0.8,0.8,1.8,0.8,1.1,0.8,0.8,0.8,0.8,0.8,0.0,0.8,0.8,0.0,0.8,0.8,0.8,0.8,22.1
40.0,0.1,0.8,0.8,0.8,0.8,1.8,0.8,1.1,0.8,0.8,0.8,0.0,0.0,0.8,0.8,0.8,0.8,0.8,0.8,0.8,0.8,22.1
40.0,0.1,0.8,0.8,0.0,0.8,1.8,0.8,0.0,0.8,0.8,0.8,0.8,0.8,0.8,0.8,0.8,0.8,0.8,0.8,0.8,0.8,22.4
40.0,0.1,0.8,0.8,0.8,0.8,1.8,0.8,1.1,0.8,0.0,0.8,0.8,0.8,0.8,0.8,0.8,0.8,0.8,0.8,0.8,0.0,22.1
40.0,0.1,0.8,0.8,0.8,0.8,1.8,0.8,0.0,0.8,0.8,0.8,0.8,0.8,0.8,0.0,0.8,0.8,0.8,0.8,0.8,0.8,22.4
40.0,0.1,0.8,0.8,0.8,0.8,1.8,0.8,1.1,0.0,0.8,0.0,0.8,0.8,0.8,0.8,0.8,0.8,0.8,0.8,0.8,0.8,22.1
40.0,0.1,0.8,0.8,0.8,0.8,0.0,0.8,1.1,0.8,0.8,0.0,0.8,0.8,0.8,0.8,0.8,0.8,0.8,0.8,0.8,0.8,23.1
40.0,0.1,0.8,0.8,0.8,0.8,1.8,0.8,1.1,0.8,0.8,0.8,0.8,0.8,0.8,0.8,0.8,0.8,0.0,0.8,0.8,0.0,22.1
40.0,0.1,0.8,0.8,0.8,0.8,1.8,0.8,1.1,0.8,0.8,0.8,0.8,0.8,0.8,0.0,0.8,0.8,0.8,0.0,0.8,0.8,22.1
40.0,0.1,0.8,0.8,0.8,0.8,1.8,0.8,0.0,0.8,0.8,0.8,0.8,0.8,0.8,0.8,0.8,0.8,0.0,0.8,0.8,0.8,22.4
40.0,0.1,0.8,0.8,0.0,0.0,1.8,0.8,1.1,0.8,0.8,0.8,0.8,0.8,0.8,0.8,0.8,0.8,0.8,0.8,0.8,0.8,22.1
40.0,0.1,0.0,0.8,0.8,0.8,1.8,0.8,0.0,0.8,0.8,0.8,0.8,0.8,0.8,0.8,0.8,0.8,0.8,0.8,0.8,0.8,22.4
40.0,0.1,0.8,0.8,0.8,0.8,1.8,0.8,1.1,0.0,0.8,0.8,0.8,0.8,0.8,0.8,0.8,0.8,0.8,0.8,0.0,0.8,22.1
40.0,0.1,0.8,0.8,0.0,0.8,1.8,0.8,1.1,0.8,0.8,0.8,0.8,0.8,0.8,0.8,0.8,0.8,0.0,0.8,0.8,0.8,22.1
40.0,0.1,0.8,0.8,0.0,0.8,1.8,0.8,1.1,0.8,0.8,0.8,0.0,0.8,0.8,0.8,0.8,0.8,0.8,0.8,0.8,0.8,22.1
39.6,0.1,0.8,0.8,0.8,0.8,1.8,0.8,1.1,0.8,0.8,0.8,0.8,0.0,0.8,0.8,0.8,0.8,0.8,0.8,0.8,0.8,21.7
40.0,0.1,0.8,0.8,0.8,0.8,0.0,0.8,1.1,0.8,0.8,0.8,0.8,0.0,0.8,0.8,0.8,0.8,0.8,0.8,0.8,0.8,23.1
39.6,0.1,0.8,0.8,0.0,0.8,1.8,0.8,1.1,0.8,0.8,0.8,0.8,0.8,0.8,0.8,0.8,0.8,0.8,0.8,0.8,0.8,21.7
40.0,0.1,0.8,0.8,0.8,0.0,1.8,0.8,1.1,0.8,0.8,0.8,0.8,0.8,0.0,0.8,0.8,0.8,0.8,0.8,0.8,0.8,22.1
40.0,0.1,0.8,0.8,0.8,0.8,1.8,0.8,1.1,0.8,0.8,0.8,0.8,0.8,0.8,0.8,0.8,0.0,0.8,0.8,0.8,0.8,21.3
40.0,0.1,0.8,0.0,0.8,0.8,1.8,0.8,1.1,0.8,0.8,0.8,0.8,0.8,0.8,0.8,0.8,0.0,0.8,0.8,0.8,0.8,22.1
40.0,0.1,0.8,0.8,0.8,0.8,0.0,0.0,1.1,0.8,0.8,0.8,0.8,0.8,0.8,0.8,0.8,0.8,0.8,0.8,0.8,0.8,23.1
40.0,0.1,0.8,0.8,0.8,0.8,1.8,0.8,0.0,0.8,0.8,0.8,0.8,0.8,0.8,0.8,0.8,0.8,0.0,0.8,0.8,0.8,22.4
40.0,0.1,0.8,0.8,0.8,0.8,1.8,0.0,1.1,0.8,0.8,0.8,0.8,0.8,0.8,0.8,0.8,0.8,0.0,0.8,0.8,0.8,22.1
40.0,0.1,0.8,0.8,0.8,0.8,1.8,0.8,1.1,0.8,0.0,0.8,0.8,0.0,0.8,0.8,0.8,0.8,0.8,0.8,0.8,0.8,22.1
40.0,0.1,0.8,0.8,0.8,0.8,1.8,0.8,1.1,0.0,0.8,0.8,0.8,0.8,0.8,0.8,0.8,0.8,0.8,0.0,0.8,0.8,22.1
40.0,0.1,0.8,0.8,0.8,0.8,1.8,0.8,1.1,0.8,0.0,0.8,0.8,0.8,0.8,0.8,0.8,0.8,0.8,0.8,0.0,0.8,22.1
40.0,0.1,0.8,0.0,0.8,0.8,1.8,0.8,1.1,0.8,0.8,0.8,0.8,0.8,0.8,0.8,0.8,0.0,0.8,0.8,0.8,0.8,22.1
40.0,0.1,0.8,0.8,0.8,0.8,0.0,0.8,0.0,0.8,0.8,0.8,0.8,0.8,0.8,0.8,0.8,0.8,0.8,0.8,0.8,0.8,23.4
40.0,0.1,0.8,0.8,0.8,0.0,1.8,0.8,1.1,0.8,0.8,0.8,0.8,0.8,0.8,0.8,0.8,0.8,0.0,0.8,0.8,0.8,22.1
40.0,0.1,0.8,0.0,0.8,0.8,1.8,0.8,1.1,0.8,0.8,0.8,0.8,0.8,0.8,0.8,0.8,0.8,0.8,0.0,0.8,0.8,22.1
40.0,0.1,0.8,0.8,0.8,0.8,1.8,0.8,1.1,0.8,0.8,0.8,0.0,0.8,0.8,0.8,0.0,0.8,0.8,0.8,0.8,0.8,22.1
40.0,0.1,0.8,0.8,0.8,0.8,1.8,0.8,1.1,0.8,0.8,0.8,0.8,0.0,0.8,0.8,0.8,0.8,0.0,0.8,0.8,0.8,22.1
40.0,0.1,0.0,0.8,0.8,0.8,1.8,0.8,1.1,0.8,0.8,0.8,0.8,0.8,0.8,0.0,0.8,0.8,0.8,0.8,0.8,0.8,22.1
40.0,0.1,0.8,0.0,0.8,0.8,1.8,0.8,1.1,0.8,0.8,0.8,0.8,0.8,0.8,0.8,0.8,0.0,0.8,0.8,0.8,0.8,22.1
39.6,0.1,0.8,0.8,0.8,0.8,1.8,0.8,1.1,0.8,0.8,0.8,0.8,0.8,0.8,0.8,0.8,0.8,0.8,0.8,0.8,0.0,21.7
40.0,0.1,0.8,0.8,0.8,0.8,1.8,0.8,1.1,0.8,0.8,0.8,0.8,0.8,0.8,0.8,0.0,0.8,0.8,0.8,0.8,0.8,21.3
40.0,0.1,0.8,0.8,0.8,0.8,1.8,0.8,1.1,0.0,0.8,0.8,0.8,0.8,0.8,0.8,0.8,0.8,0.8,0.8,0.0,0.8,22.1
40.0,0.1,0.8,0.8,0.8,0.8,1.8,0.8,1.1,0.8,0.8,0.0,0.8,0.8,0.8,0.8,0.0,0.8,0.8,0.8,0.8,0.8,22.1
40.0,0.1,0.8,0.8,0.8,0.8,1.8,0.8,1.1,0.8,0.8,0.8,0.8,0.8,0.8,0.8,0.0,0.8,0.8,0.8,0.8,0.8,21.3
40.0,0.1,0.8,0.8,0.8,0.8,1.8,0.8,1.1,0.0,0.8,0.8,0.8,0.8,0.8,0.8,0.0,0.8,0.8,0.8,0.8,0.8,22.1
40.0,0.1,0.8,0.8,0.8,0.8,0.0,0.8,1.1,0.8,0.8,0.0,0.8,0.8,0.8,0.8,0.8,0.8,0.8,0.8,0.8,0.8,23.1
39.6,0.1,0.8,0.8,0.8,0.0,1.8,0.8,1.1,0.8,0.8,0.8,0.8,0.8,0.8,0.8,0.8,0.8,0.8,0.8,0.8,0.8,21.7
40.0,0.1,0.8,0.8,0.8,0.0,1.8,0.8,1.1,0.8,0.8,0.8,0.8,0.8,0.8,0.8,0.8,0.8,0.8,0.8,0.0,0.8,22.1
40.0,0.1,0.8,0.8,0.8,0.8,1.8,0.8,1.1,0.8,0.8,0.8,0.8,0.8,0.8,0.8,0.0,0.0,0.8,0.8,0.8,0.8,22.1
40.0,0.8,0.8,0.8,0.8,0.8,1.8,0.8,1.1,0.8,0.8,0.8,0.8,0.8,0.8,0.8,0.8,0.8,0.8,0.8,0.8,0.8,19.8
40.0,0.1,0.0,0.8,0.8,0.8,1.8,0.8,0.0,0.8,0.8,0.8,0.8,0.8,0.8,0.8,0.8,0.8,0.8,0.8,0.8,0.8,22.4
40.0,0.1,0.8,0.0,0.8,0.8,1.8,0.8,1.1,0.8,0.0,0.8,0.8,0.8,0.8,0.8,0.8,0.8,0.8,0.8,0.8,0.8,22.1
40.0,0.1,0.8,0.8,0.8,0.8,1.8,0.8,1.1,0.8,0.0,0.8,0.8,0.8,0.8,0.8,0.0,0.8,0.8,0.8,0.8,0.8,22.1
40.0,0.1,0.8,0.0,0.8,0.8,1.8,0.8,1.1,0.8,0.8,0.0,0.8,0.8,0.8,0.8,0.8,0.8,0.8,0.8,0.8,0.8,22.1
40.0,0.1,0.8,0.8,0.8,0.8,0.0,0.8,1.1,0.8,0.8,0.8,0.8,0.0,0.8,0.8,0.8,0.8,0.8,0.8,0.8,0.8,23.1
40.0,0.1,0.8,0.8,0.8,0.8,1.8,0.0,1.1,0.8,0.8,0.8,0.8,0.8,0.8,0.0,0.8,0.8,0.8,0.8,0.8,0.8,22.1
40.0,0.1,0.8,0.0,0.8,0.8,1.8,0.8,1.1,0.8,0.8,0.8,0.8,0.8,0.8,0.8,0.8,0.8,0.8,0.0,0.8,0.8,22.1
40.0,0.1,0.8,0.8,0.8,0.8,1.8,0.8,1.1,0.8,0.8,0.8,0.8,0.8,0.8,0.8,0.8,0.8,0.0,0.0,0.8,0.8,22.1
40.0,0.1,0.8,0.8,0.8,0.8,1.8,0.8,1.1,0.0,0.8,0.8,0.8,0.8,0.8,0.8,0.8,0.8,0.8,0.8,0.8,0.8,21.3
40.0,0.1,0.8,0.0,0.8,0.8,1.8,0.8,1.1,0.8,0.8,0.0,0.8,0.8,0.8,0.8,0.8,0.8,0.8,0.8,0.8,0.8,22.1
40.0,0.1,0.0,0.8,0.8,0.8,1.8,0.8,1.1,0.8,0.0,0.8,0.8,0.8,0.8,0.8,0.8,0.8,0.8,0.8,0.8,0.8,22.1
39.6,0.1,0.8,0.8,0.8,0.8,1.8,0.8,1.1,0.8,0.8,0.8,0.8,0.8,0.8,0.8,0.8,0.8,0.8,0.8,0.8,0.0,21.7
40.0,0.1,0.0,0.8,0.8,0.8,1.8,0.8,0.0,0.8,0.8,0.8,0.8,0.8,0.8,0.8,0.8,0.8,0.8,0.8,0.8,0.8,22.4
40.0,0.1,0.8,0.8,0.8,0.8,1.8,0.8,0.0,0.8,0.8,0.8,0.8,0.8,0.8,0.0,0.8,0.8,0.8,0.8,0.8,0.8,22.4
40.0,0.1,0.8,0.8,0.8,0.8,1.8,0.8,1.1,0.8,0.8,0.0,0.8,0.8,0.8,0.8,0.0,0.8,0.8,0.8,0.8,0.8,22.1
40.0,0.1,0.8,0.8,0.8,0.8,1.8,0.8,1.1,0.8,0.8,0.8,0.8,0.8,0.0,0.8,0.8,0.8,0.8,0.8,0.0,0.8,22.1
40.0,0.1,0.8,0.8,0.8,0.8,0.0,0.8,1.1,0.8,0.8,0.8,0.8,0.0,0.8,0.8,0.8,0.8,0.8,0.8,0.8,0.8,23.1
40.0,0.1,0.8,0.8,0.8,0.0,1.8,0.8,1.1,0.8,0.8,0.8,0.8,0.8,0.8,0.8,0.8,0.8,0.0,0.8,0.8,0.8,22.1
40.0,0.1,0.8,0.8,0.8,0.0,1.8,0.8,1.1,0.8,0.8,0.8,0.8,0.8,0.0,0.8,0.8,0.8,0.8,0.8,0.8,0.8,22.1
40.0,0.1,0.8,0.0,0.8,0.8,1.8,0.0,1.1,0.8,0.8,0.8,0.8,0.8,0.8,0.8,0.8,0.8,0.8,0.8,0.8,0.8,22.1
40.0,0.1,0.0,0.8,0.8,0.8,1.8,0.8,1.1,0.8,0.0,0.8,0.8,0.8,0.8,0.8,0.8,0.8,0.8,0.8,0.8,0.8,22.1
40.0,0.1,0.8,0.8,0.8,0.8,0.0,0.8,1.1,0.8,0.8,0.8,0.8,0.8,0.8,0.8,0.0,0.8,0.8,0.8,0.8,0.8,23.1
40.0,0.1,0.8,0.8,0.8,0.8,1.8,0.8,1.1,0.8,0.0,0.8,0.8,0.0,0.8,0.8,0.8,0.8,0.8,0.8,0.8,0.8,22.1
40.0,0.1,0.8,0.8,0.8,0.8,1.8,0.8,1.1,0.8,0.8,0.8,0.8,0.8,0.8,0.8,0.8,0.0,0.8,0.8,0.8,0.8,21.3
40.0,0.1,0.8,0.8,0.8,0.8,1.8,0.8,1.1,0.8,0.8,0.8,0.8,0.8,0.8,0.8,0.8,0.8,0.0,0.0,0.8,0.8,22.1
40.0,0.1,0.8,0.8,0.8,0.8,1.8,0.8,1.1,0.8,0.8,0.8,0.8,0.8,0.0,0.8,0.8,0.0,0.8,0.8,0.8,0.8,22.1
40.0,0.1,0.8,0.8,0.8,0.8,0.0,0.8,1.1,0.8,0.8,0.8,0.8,0.8,0.8,0.8,0.8,0.8,0.8,0.0,0.8,0.8,23.1
40.0,0.1,0.8,0.8,0.8,0.8,1.8,0.8,1.1,0.8,0.8,0.8,0.0,0.8,0.8,0.8,0.8,0.8,0.8,0.0,0.8,0.8,22.1
40.0,0.1,0.8,0.8,0.8,0.8,1.8,0.8,1.1,0.8,0.8,0.0,0.8,0.0,0.8,0.8,0.8,0.8,0.8,0.8,0.8,0.8,22.1
40.0,0.1,0.8,0.8,0.8,0.8,1.8,0.8,1.1,0.8,0.8,0.8,0.0,0.8,0.8,0.8,0.8,0.8,0.8,0.0,0.8,0.8,22.1
40.0,0.1,0.8,0.8,0.8,0.8,1.8,0.8,0.0,0.0,0.8,0.8,0.8,0.8,0.8,0.8,0.8,0.8,0.8,0.8,0.8,0.8,22.4
40.0,0.1,0.8,0.8,0.8,0.8,1.8,0.8,1.1,0.8,0.8,0.8,0.0,0.8,0.8,0.8,0.0,0.8,0.8,0.8,0.8,0.8,22.1
40.0,0.1,0.8,0.0,0.8,0.8,1.8,0.8,1.1,0.8,0.8,0.8,0.8,0.8,0.0,0.8,0.8,0.8,0.8,0.8,0.8,0.8,22.1
40.0,0.1,0.8,0.8,0.8,0.8,1.8,0.8,1.1,0.8,0.8,0.8,0.8,0.8,0.0,0.8,0.8,0.0,0.8,0.8,0.8,0.8,22.1
40.0,0.1,0.8,0.8,0.8,0.8,1.8,0.8,1.1,0.8,0.8,0.8,0.0,0.8,0.8,0.8,0.0,0.8,0.8,0.8,0.8,0.8,22.1
40.0,0.1,0.8,0.8,0.8,0.8,1.8,0.0,1.1,0.8,0.8,0.8,0.8,0.8,0.8,0.0,0.8,0.8,0.8,0.8,0.8,0.8,22.1
40.0,0.1,0.0,0.8,0.8,0.8,1.8,0.8,1.1,0.8,0.8,0.8,0.8,0.8,0.0,0.8,0.8,0.8,0.8,0.8,0.8,0.8,22.1
40.0,0.1,0.8,0.8,0.8,0.8,1.8,0.8,1.1,0.0,0.8,0.8,0.8,0.8,0.8,0.8,0.0,0.8,0.8,0.8,0.8,0.8,22.1
40.0,0.1,0.8,0.8,0.8,0.8,1.8,0.8,1.1,0.0,0.8,0.0,0.8,0.8,0.8,0.8,0.8,0.8,0.8,0.8,0.8,0.8,22.1
40.0,0.1,0.0,0.8,0.8,0.8,1.8,0.8,1.1,0.8,0.8,0.8,0.8,0.8,0.8,0.0,0.8,0.8,0.8,0.8,0.8,0.8,22.1
40.0,0.1,0.8,0.8,0.8,0.8,1.8,0.8,1.1,0.8,0.0,0.8,0.8,0.8,0.8,0.8,0.8,0.8,0.8,0.8,0.0,0.8,22.1
40.0,0.1,0.8,0.8,0.8,0.8,1.8,0.8,1.1,0.8,0.8,0.8,0.8,0.8,0.8,0.0,0.8,0.8,0.8,0.0,0.8,0.8,22.1
40.0,0.1,0.8,0.8,0.8,0.8,1.8,0.8,1.1,0.8,0.0,0.8,0.8,0.8,0.8,0.8,0.0,0.8,0.8,0.8,0.8,0.8,22.1
40.0,0.1,0.8,0.8,0.8,0.8,1.8,0.0,1.1,0.8,0.8,0.8,0.8,0.8,0.8,0.8,0.8,0.8,0.0,0.8,0.8,0.8,22.1
40.0,0.1,0.8,0.8,0.8,0.8,1.8,0.8,1.1,0.0,0.8,0.8,0.8,0.8,0.8,0.8,0.8,0.8,0.8,0.0,0.8,0.8,22.1
40.0,0.1,0.8,0.0,0.8,0.8,1.8,0.0,1.1,0.8,0.8,0.8,0.8,0.8,0.8,0.8,0.8,0.8,0.8,0.8,0.8,0.8,22.1
40.0,0.1,0.8,0.8,0.8,0.8,0.0,0.8,1.1,0.8,0.8,0.8,0.8,0.8,0.8,0.8,0.8,0.8,0.8,0.8,0.8,0.0,23.1
40.0,0.8,0.8,0.8,0.8,0.8,1.8,0.8,1.1,0.8,0.8,0.8,0.8,0.8,0.8,0.8,0.8,0.8,0.8,0.8,0.8,0.8,19.8
40.0,0.1,0.8,0.8,0.8,0.8,1.8,0.8,1.1,0.8,0.8,0.0,0.8,0.0,0.8,0.8,0.8,0.8,0.8,0.8,0.8,0.8,22.1
39.6,0.1,0.8,0.8,0.8,0.8,1.8,0.8,1.1,0.8,0.8,0.8,0.8,0.8,0.8,0.8,0.8,0.8,0.8,0.8,0.8,0.0,21.7
40.0,0.1,0.8,0.8,0.8,0.8,1.8,0.0,1.1,0.8,0.8,0.8,0.8,0.8,0.8,0.0,0.8,0.8,0.8,0.8,0.8,0.8,22.1
40.0,0.1,0.8,0.8,0.8,0.8,1.8,0.8,1.1,0.8,0.8,0.8,0.8,0.8,0.8,0.0,0.8,0.0,0.8,0.8,0.8,0.8,22.1
40.0,0.1,0.8,0.8,0.8,0.8,1.8,0.8,0.0,0.0,0.8,0.8,0.8,0.8,0.8,0.8,0.8,0.8,0.8,0.8,0.8,0.8,22.4
40.0,0.1,0.8,0.8,0.8,0.8,1.8,0.8,0.0,0.8,0.8,0.8,0.0,0.8,0.8,0.8,0.8,0.8,0.8,0.8,0.8,0.8,22.4
40.0,0.1,0.8,0.8,0.8,0.0,1.8,0.8,1.1,0.0,0.8,0.8,0.8,0.8,0.8,0.8,0.8,0.8,0.8,0.8,0.8,0.8,22.1
40.0,0.1,0.8,0.8,0.8,0.8,1.8,0.8,1.1,0.8,0.8,0.8,0.8,0.8,0.8,0.8,0.0,0.0,0.8,0.8,0.8,0.8,22.1
40.0,0.1,0.8,0.8,0.8,0.8,1.8,0.8,1.1,0.8,0.8,0.0,0.8,0.8,0.8,0.8,0.8,0.8,0.8,0.8,0.0,0.8,22.1
40.0,0.1,0.8,0.8,0.8,0.8,1.8,0.8,1.1,0.8,0.8,0.8,0.0,0.0,0.8,0.8,0.8,0.8,0.8,0.8,0.8,0.8,22.1
40.0,0.1,0.8,0.8,0.8,0.8,1.8,0.8,1.1,0.8,0.8,0.8,0.8,0.8,0.8,0.8,0.8,0.0,0.0,0.8,0.8,0.8,22.1
40.0,0.1,0.8,0.8,0.0,0.8,1.8,0.8,0.0,0.8,0.8,0.8,0.8,0.8,0.8,0.8,0.8,0.8,0.8,0.8,0.8,0.8,22.4
40.0,0.1,0.8,0.8,0.8,0.8,1.8,0.8,1.1,0.8,0.0,0.8,0.8,0.8,0.8,0.8,0.8,0.8,0.8,0.8,0.8,0.0,22.1
40.0,0.1,0.0,0.8,0.8,0.8,1.8,0.8,1.1,0.8,0.0,0.8,0.8,0.8,0.8,0.8,0.8,0.8,0.8,0.8,0.8,0.8,22.1
39.6,0.1,0.8,0.8,0.8,0.8,1.8,0.8,1.1,0.8,0.8,0.8,0.8,0.8,0.8,0.8,0.8,0.8,0.8,0.8,0.0,0.8,21.7
40.0,0.1,0.8,0.0,0.8,0.8,1.8,0.8,1.1,0.8,0.8,0.8,0.8,0.8,0.0,0.8,0.8,0.8,0.8,0.8,0.8,0.8,22.1
40.0,0.1,0.8,0.0,0.8,0.8,1.8,0.8,1.1,0.8,0.8,0.8,0.8,0.8,0.8,0.8,0.8,0.8,0.8,0.8,0.8,0.8,21.3
40.0,0.1,0.8,0.8,0.8,0.0,1.8,0.8,1.1,0.8,0.8,0.8,0.8,0.8,0.8,0.8,0.8,0.8,0.0,0.8,0.8,0.8,22.1
40.0,0.1,0.8,0.8,0.8,0.8,0.0,0.0,1.1,0.8,0.8,0.8,0.8,0.8,0.8,0.8,0.8,0.8,0.8,0.8,0.8,0.8,23.1
40.0,0.8,0.8,0.8,0.8,0.8,1.8,0.8,1.1,0.8,0.8,0.8,0.8,0.8,0.8,0.8,0.8,0.8,0.8,0.8,0.8,0.8,19.8
40.0,0.1,0.8,0.8,0.0,0.8,1.8,0.8,1.1,0.8,0.8,0.8,0.0,0.8,0.8,0.8,0.8,0.8,0.8,0.8,0.8,0.8,22.1
40.0,0.1,0.8,0.8,0.8,0.8,1.8,0.8,1.1,0.8,0.8,0.8,0.8,0.8,0.8,0.0,0.8,0.0,0.8,0.8,0.8,0.8,22.1
40.0,0.1,0.8,0.8,0.8,0.8,1.8,0.8,1.1,0.8,0.8,0.8,0.8,0.8,0.0,0.8,0.8,0.8,0.8,0.8,0.0,0.8,22.1
40.0,0.1,0.0,0.8,0.8,0.8,0.0,0.8,1.1,0.8,0.8,0.8,0.8,0.8,0.8,0.8,0.8,0.8,0.8,0.8,0.8,0.8,23.1
39.6,0.1,0.8,0.8,0.8,0.0,1.8,0.8,1.1,0.8,0.8,0.8,0.8,0.8,0.8,0.8,0.8,0.8,0.8,0.8,0.8,0.8,21.7
40.0,0.1,0.8,0.8,0.8,0.8,1.8,0.8,1.1,0.8,0.8,0.8,0.8,0.8,0.0,0.8,0.8,0.0,0.8,0.8,0.8,0.8,22.1
40.0,0.1,0.8,0.8,0.8,0.8,0.0,0.8,1.1,0.8,0.8,0.8,0.8,0.8,0.8,0.8,0.8,0.8,0.8,0.8,0.8,0.0,23.1
40.0,0.1,0.8,0.0,0.8,0.8,1.8,0.8,1.1,0.8,0.8,0.8,0.8,0.8,0.8,0.8,0.8,0.0,0.8,0.8,0.8,0.8,22.1
40.0,0.1,0.8,0.8,0.8,0.8,1.8,0.8,1.1,0.8,0.8,0.8,0.8,0.0,0.8,0.8,0.8,0.8,0.0,0.8,0.8,0.8,22.1
40.0,0.1,0.8,0.8,0.8,0.8,1.8,0.8,0.0,0.0,0.8,0.8,0.8,0.8,0.8,0.8,0.8,0.8,0.8,0.8,0.8,0.8,22.4
40.0,0.1,0.8,0.8,0.8,0.8,1.8,0.8,1.1,0.0,0.8,0.0,0.8,0.8,0.8,0.8,0.8,0.8,0.8,0.8,0.8,0.8,22.1
40.0,0.1,0.8,0.8,0.8,0.0,1.8,0.8,1.1,0.8,0.8,0.8,0.8,0.8,0.0,0.8,0.8,0.8,0.8,0.8,0.8,0.8,22.1
40.0,0.1,0.8,0.8,0.8,0.8,1.8,0.8,1.1,0.8,0.8,0.8,0.0,0.8,0.8,0.8,0.0,0.8,0.8,0.8,0.8,0.8,22.1
40.0,0.1,0.8,0.8,0.8,0.8,1.8,0.8,1.1,0.8,0.0,0.8,0.8,0.8,0.8,0.8,0.0,0.8,0.8,0.8,0.8,0.8,22.1
40.0,0.1,0.8,0.8,0.8,0.8,1.8,0.8,1.1,0.8,0.8,0.8,0.0,0.8,0.8,0.8,0.8,0.8,0.8,0.0,0.8,0.8,22.1
40.0,0.1,0.8,0.8,0.8,0.8,1.8,0.8,1.1,0.8,0.8,0.8,0.8,0.0,0.8,0.8,0.8,0.8,0.0,0.8,0.8,0.8,22.1
40.0,0.1,0.8,0.8,0.8,0.8,0.0,0.8,1.1,0.8,0.8,0.8,0.8,0.8,0.8,0.8,0.8,0.8,0.8,0.0,0.8,0.8,23.1
40.0,0.1,0.8,0.8,0.8,0.8,1.8,0.8,1.1,0.0,0.8,0.8,0.8,0.8,0.8,0.8,0.0,0.8,0.8,0.8,0.8,0.8,22.1
40.0,0.1,0.8,0.8,0.0,0.8,1.8,0.8,1.1,0.8,0.8,0.8,0.0,0.8,0.8,0.8,0.8,0.8,0.8,0.8,0.8,0.8,22.1
40.0,0.1,0.8,0.8,0.8,0.8,1.8,0.8,1.1,0.8,0.0,0.8,0.8,0.8,0.8,0.8,0.8,0.8,0.8,0.8,0.8,0.0,22.1
40.0,0.1,0.8,0.8,0.8,0.8,1.8,0.8,1.1,0.8,0.8,0.8,0.8,0.8,0.8,0.8,0.0,0.8,0.8,0.8,0.8,0.8,21.3
40.0,0.1,0.8,0.8,0.8,0.8,1.8,0.8,1.1,0.8,0.8,0.8,0.8,0.8,0.8,0.8,0.8,0.8,0.0,0.0,0.8,0.8,22.1
40.0,0.1,0.8,0.8,0.8,0.8,1.8,0.0,1.1,0.8,0.8,0.8,0.8,0.8,0.8,0.8,0.8,0.8,0.0,0.8,0.8,0.8,22.1
40.0,0.1,0.8,0.8,0.8,0.8,1.8,0.8,1.1,0.8,0.8,0.0,0.8,0.8,0.8,0.8,0.8,0.8,0.8,0.8,0.0,0.8,22.1
40.0,0.1,0.8,0.8,0.8,0.8,1.8,0.8,1.1,0.8,0.8,0.8,0.8,0.8,0.8,0.8,0.8,0.8,0.0,0.0,0.8,0.8,22.1
40.0,0.1,0.8,0.8,0.0,0.8,1.8,0.8,0.0,0.8,0.8,0.8,0.8,0.8,0.8,0.8,0.8,0.8,0.8,0.8,0.8,0.8,22.4
40.0,0.1,0.8,0.8,0.8,0.8,1.8,0.8,1.1,0.8,0.0,0.8,0.8,0.0,0.8,0.8,0.8,0.8,0.8,0.8,0.8,0.8,22.1
40.0,0.1,0.8,0.8,0.0,0.0,1.8,0.8,1.1,0.8,0.8,0.8,0.8,0.8,0.8,0.8,0.8,0.8,0.8,0.8,0.8,0.8,22.1
40.0,0.1,0.0,0.8,0.8,0.8,1.8,0.8,1.1,0.8,0.8,0.8,0.8,0.8,0.0,0.8,0.8,0.8,0.8,0.8,0.8,0.8,22.1
39.6,0.1,0.8,0.8,0.8,0.8,1.8,0.8,1.1,0.8,0.8,0.8,0.8,0.8,0.8,0.8,0.8,0.8,0.8,0.8,0.0,0.8,21.7
39.6,0.1,0.8,0.8,0.8,0.8,1.8,0.8,1.1,0.8,0.8,0.8,0.8,0.0,0.8,0.8,0.8,0.8,0.8,0.8,0.8,0.8,21.7
40.0,0.1,0.8,0.8,0.8,0.8,0.0,0.8,1.1,0.8,0.8,0.8,0.8,0.8,0.8,0.8,0.8,0.8,0.8,0.8,0.8,0.0,23.1
40.0,0.1,0.8,0.8,0.8,0.8,1.8,0.8,1.1,0.8,0.8,0.8,0.8,0.8,0.8,0.8,0.8,0.8,0.0,0.8,0.8,0.0,22.1
40.0,0.1,0.8,0.8,0.8,0.8,1.8,0.8,1.1,0.8,0.8,0.8,0.8,0.0,0.8,0.0,0.8,0.8,0.8,0.8,0.8,0.8,22.1
40.0,0.1,0.8,0.8,0.8,0.8,1.8,0.0,1.1,0.8,0.8,0.8,0.8,0.8,0.8,0.0,0.8,0.8,0.8,0.8,0.8,0.8,22.1
40.0,0.1,0.8,0.8,0.8,0.8,1.8,0.8,1.1,0.8,0.8,0.8,0.8,0.8,0.8,0.0,0.8,0.8,0.8,0.0,0.8,0.8,22.1
40.0,0.1,0.8,0.8,0.8,0.8,1.8,0.8,0.0,0.8,0.8,0.8,0.0,0.8,0.8,0.8,0.8,0.8,0.8,0.8,0.8,0.8,22.4
40.0,0.1,0.8,0.8,0.8,0.8,1.8,0.8,1.1,0.8,0.8,0.8,0.0,0.0,0.8,0.8,0.8,0.8,0.8,0.8,0.8,0.8,22.1
40.0,0.1,0.0,0.8,0.8,0.8,1.8,0.8,1.1,0.8,0.0,0.8,0.8,0.8,0.8,0.8,0.8,0.8,0.8,0.8,0.8,0.8,22.1
40.0,0.1,0.8,0.8,0.8,0.8,1.8,0.8,1.1,0.8,0.8,0.8,0.8,0.8,0.8,0.0,0.8,0.0,0.8,0.8,0.8,0.8,22.1
40.0,0.1,0.8,0.8,0.8,0.8,1.8,0.8,1.1,0.8,0.8,0.0,0.8,0.8,0.8,0.8,0.8,0.8,0.8,0.8,0.0,0.8,22.1
39.6,0.1,0.8,0.8,0.8,0.8,1.8,0.8,1.1,0.8,0.8,0.8,0.8,0.8,0.8,0.8,0.8,0.8,0.8,0.8,0.8,0.0,21.7
40.0,0.1,0.8,0.8,0.8,0.8,1.8,0.8,1.1,0.8,0.8,0.8,0.0,0.8,0.8,0.8,0.8,0.8,0.8,0.0,0.8,0.8,22.1
40.0,0.1,0.0,0.8,0.8,0.8,0.0,0.8,1.1,0.8,0.8,0.8,0.8,0.8,0.8,0.8,0.8,0.8,0.8,0.8,0.8,0.8,23.1
40.0,0.1,0.8,0.8,0.8,0.8,1.8,0.8,1.1,0.8,0.8,0.0,0.8,0.8,0.8,0.8,0.0,0.8,0.8,0.8,0.8,0.8,22.1
40.0,0.1,0.8,0.8,0.8,0.8,0.0,0.8,1.1,0.8,0.8,0.0,0.8,0.8,0.8,0.8,0.8,0.8,0.8,0.8,0.8,0.8,23.1
40.0,0.1,0.8,0.8,0.8,0.8,1.8,0.8,1.1,0.8,0.0,0.8,0.8,0.0,0.8,0.8,0.8,0.8,0.8,0.8,0.8,0.8,22.1
40.0,0.1,0.8,0.8,0.8,0.8,1.8,0.8,1.1,0.8,0.0,0.8,0.8,0.8,0.8,0.8,0.8,0.8,0.8,0.8,0.0,0.8,22.1
40.0,0.1,0.8,0.8,0.8,0.8,1.8,0.8,1.1,0.8,0.8,0.8,0.8,0.8,0.8,0.8,0.8,0.0,0.8,0.8,0.8,0.8,21.3
40.0,0.1,0.8,0.8,0.8,0.8,1.8,0.8,1.1,0.8,0.8,0.8,0.8,0.8,0.8,0.8,0.0,0.0,0.8,0.8,0.8,0.8,22.1
40.0,0.1,0.8,0.8,0.8,0.8,1.8,0.8,1.1,0.0,0.8,0.8,0.8,0.8,0.8,0.8,0.8,0.8,0.8,0.8,0.0,0.8,22.1
40.0,0.1,0.8,0.8,0.0,0.8,1.8,0.8,1.1,0.8,0.8,0.8,0.8,0.8,0.8,0.0,0.8,0.8,0.8,0.8,0.8,0.8,22.1
40.0,0.1,0.8,0.8,0.8,0.8,1.8,0.8,1.1,0.0,0.8,0.8,0.8,0.8,0.8,0.8,0.8,0.8,0.8,0.8,0.8,0.8,21.3
40.0,0.1,0.8,0.8,0.0,0.8,1.8,0.8,1.1,0.8,0.8,0.8,0.8,0.8,0.8,0.0,0.8,0.8,0.8,0.8,0.8,0.8,22.1
40.0,0.1,0.8,0.8,0.8,0.8,0.0,0.8,0.0,0.8,0.8,0.8,0.8,0.8,0.8,0.8,0.8,0.8,0.8,0.8,0.8,0.8,23.4
40.0,0.1,0.8,0.8,0.8,0.0,1.8,0.8,1.1,0.0,0.8,0.8,0.8,0.8,0.8,0.8,0.8,0.8,0.8,0.8,0.8,0.8,22.1
40.0,0.1,0.8,0.8,0.8,0.8,0.0,0.8,1.1,0.8,0.8,0.8,0.8,0.8,0.8,0.8,0.8,0.8,0.8,0.0,0.8,0.8,23.1
40.0,0.1,0.0,0.8,0.8,0.8,1.8,0.8,1.1,0.8,0.8,0.8,0.8,0.8,0.0,0.8,0.8,0.8,0.8,0.8,0.8,0.8,22.1
40.0,0.1,0.8,0.8,0.8,0.8,1.8,0.8,1.1,0.8,0.8,0.8,0.8,0.0,0.8,0.0,0.8,0.8,0.8,0.8,0.8,0.8,22.1
40.0,0.1,0.8,0.8,0.8,0.0,1.8,0.8,1.1,0.0,0.8,0.8,0.8,0.8,0.8,0.8,0.8,0.8,0.8,0.8,0.8,0.8,22.1
39.6,0.1,0.8,0.8,0.8,0.0,1.8,0.8,1.1,0.8,0.8,0.8,0.8,0.8,0.8,0.8,0.8,0.8,0.8,0.8,0.8,0.8,21.7
39.6,0.1,0.8,0.8,0.8,0.8,1.8,0.8,1.1,0.8,0.8,0.8,0.8,0.0,0.8,0.8,0.8,0.8,0.8,0.8,0.8,0.8,21.7
40.0,0.1,0.8,0.0,0.8,0.8,1.8,0.8,1.1,0.8,0.8,0.8,0.8,0.8,0.8,0.8,0.8,0.8,0.8,0.0,0.8,0.8,22.1
40.0,0.1,0.8,0.8,0.8,0.8,1.8,0.0,1.1,0.8,0.8,0.8,0.0,0.8,0.8,0.8,0.8,0.8,0.8,0.8,0.8,0.8,22.1
40.0,0.1,0.8,0.0,0.8,0.8,1.8,0.8,1.1,0.8,0.8,0.8,0.8,0.8,0.8,0.8,0.8,0.8,0.8,0.8,0.8,0.8,21.3
40.0,0.1,0.8,0.8,0.8,0.8,1.8,0.8,1.1,0.8,0.8,0.0,0.8,0.0,0.8,0.8,0.8,0.8,0.8,0.8,0.8,0.8,22.1
40.0,0.1,0.8,0.0,0.8,0.8,1.8,0.8,1.1,0.8,0.8,0.8,0.8,0.8,0.8,0.8,0.8,0.8,0.8,0.8,0.8,0.8,21.3
40.0,0.1,0.8,0.8,0.8,0.8,1.8,0.8,1.1,0.8,0.8,0.8,0.0,0.8,0.8,0.8,0.8,0.8,0.8,0.8,0.8,0.0,22.1
40.0,0.1,0.8,0.8,0.8,0.8,1.8,0.0,1.1,0.8,0.8,0.8,0.0,0.8,0.8,0.8,0.8,0.8,0.8,0.8,0.8,0.8,22.1
40.0,0.1,0.8,0.8,0.8,0.8,1.8,0.8,1.1,0.0,0.8,0.8,0.8,0.8,0.8,0.8,0.0,0.8,0.8,0.8,0.8,0.8,22.1
40.0,0.1,0.8,0.8,0.8,0.8,1.8,0.8,1.1,0.8,0.8,0.8,0.8,0.8,0.8,0.8,0.8,0.0,0.8,0.8,0.0,0.8,22.1
40.0,0.1,0.8,0.8,0.8,0.0,1.8,0.8,1.1,0.8,0.8,0.8,0.8,0.8,0.8,0.8,0.8,0.8,0.0,0.8,0.8,0.8,22.1
40.0,0.1,0.8,0.8,0.8,0.8,1.8,0.8,1.1,0.8,0.8,0.0,0.8,0.0,0.8,0.8,0.8,0.8,0.8,0.8,0.8,0.8,22.1
40.0,0.1,0.8,0.8,0.8,0.8,1.8,0.8,1.1,0.0,0.8,0.8,0.8,0.8,0.8,0.8,0.8,0.8,0.8,0.8,0.8,0.8,21.3
40.0,0.1,0.8,0.8,0.0,0.8,1.8,0.8,1.1,0.8,0.8,0.8,0.8,0.8,0.8,0.8,0.8,0.8,0.0,0.8,0.8,0.8,22.1
40.0,0.1,0.8,0.8,0.8,0.8,0.0,0.8,1.1,0.8,0.8,0.8,0.8,0.8,0.8,0.8,0.8,0.8,0.8,0.0,0.8,0.8,23.1
40.0,0.1,0.8,0.8,0.0,0.8,1.8,0.8,1.1,0.8,0.8,0.8,0.8,0.8,0.8,0.8,0.8,0.8,0.0,0.8,0.8,0.8,22.1
40.0,0.1,0.8,0.8,0.0,0.0,1.8,0.8,1.1,0.8,0.8,0.8,0.8,0.8,0.8,0.8,0.8,0.8,0.8,0.8,0.8,0.8,22.1
40.0,0.1,0.8,0.8,0.8,0.8,1.8,0.8,0.0,0.8,0.8,0.8,0.0,0.8,0.8,0.8,0.8,0.8,0.8,0.8,0.8,0.8,22.4
40.0,0.1,0.8,0.0,0.8,0.8,1.8,0.8,1.1,0.8,0.8,0.0,0.8,0.8,0.8,0.8,0.8,0.8,0.8,0.8,0.8,0.8,22.1
40.0,0.8,0.8,0.8,0.8,0.8,1.8,0.8,1.1,0.8,0.8,0.8,0.8,0.8,0.8,0.8,0.8,0.8,0.8,0.8,0.8,0.8,19.8
40.0,0.1,0.8,0.8,0.8,0.8,0.0,0.8,1.1,0.8,0.8,0.8,0.8,0.8,0.8,0.8,0.0,0.8,0.8,0.8,0.8,0.8,23.1
40.0,0.8,0.8,0.8,0.8,0.8,1.8,0.8,1.1,0.8,0.8,0.8,0.8,0.8,0.8,0.8,0.8,0.8,0.8,0.8,0.8,0.8,19.8
40.0,0.1,0.8,0.8,0.8,0.8,1.8,0.8,1.1,0.0,0.8,0.0,0.8,0.8,0.8,0.8,0.8,0.8,0.8,0.8,0.8,0.8,22.1
0.0,0.0,0.0,0.0,0.0,0.0,0.0,0.0,0.0,0.0,0.0,0.0,0.0,0.0,0.0,0.0,0.0,0.0,0.0,0.0,0.0,0.0,0.0
0.0,0.0,0.0,0.0,0.0,0.0,0.0,0.0,0.0,0.0,0.0,0.0,0.0,0.0,0.0,0.0,0.0,0.0,0.0,0.0,0.0,0.0,0.0
0.0,0.0,0.0,0.0,0.0,0.0,0.0,0.0,0.0,0.0,0.0,0.0,0.0,0.0,0.0,0.0,0.0,0.0,0.0,0.0,0.0,0.0,0.0
0.0,0.0,0.0,0.0,0.0,0.0,0.0,0.0,0.0,0.0,0.0,0.0,0.0,0.0,0.0,0.0,0.0,0.0,0.0,0.0,0.0,0.0,0.0
0.0,0.0,0.0,0.0,0.0,0.0,0.0,0.0,0.0,0.0,0.0,0.0,0.0,0.0,0.0,0.0,0.0,0.0,0.0,0.0,0.0,0.0,0.0
0.0,0.0,0.0,0.0,0.0,0.0,0.0,0.0,0.0,0.0,0.0,0.0,0.0,0.0,0.0,0.0,0.0,0.0,0.0,0.0,0.0,0.0,0.0
0.0,0.0,0.0,0.0,0.0,0.0,0.0,0.0,0.0,0.0,0.0,0.0,0.0,0.0,0.0,0.0,0.0,0.0,0.0,0.0,0.0,0.0,0.0
0.0,0.0,0.0,0.0,0.0,0.0,0.0,0.0,0.0,0.0,0.0,0.0,0.0,0.0,0.0,0.0,0.0,0.0,0.0,0.0,0.0,0.0,0.0
0.0,0.0,0.0,0.0,0.0,0.0,0.0,0.0,0.0,0.0,0.0,0.0,0.0,0.0,0.0,0.0,0.0,0.0,0.0,0.0,0.0,0.0,0.0
0.0,0.0,0.0,0.0,0.0,0.0,0.0,0.0,0.0,0.0,0.0,0.0,0.0,0.0,0.0,0.0,0.0,0.0,0.0,0.0,0.0,0.0,0.0
0.0,0.0,0.0,0.0,0.0,0.0,0.0,0.0,0.0,0.0,0.0,0.0,0.0,0.0,0.0,0.0,0.0,0.0,0.0,0.0,0.0,0.0,0.0
0.0,0.0,0.0,0.0,0.0,0.0,0.0,0.0,0.0,0.0,0.0,0.0,0.0,0.0,0.0,0.0,0.0,0.0,0.0,0.0,0.0,0.0,0.0
0.0,0.0,0.0,0.0,0.0,0.0,0.0,0.0,0.0,0.0,0.0,0.0,0.0,0.0,0.0,0.0,0.0,0.0,0.0,0.0,0.0,0.0,0.0
0.0,0.0,0.0,0.0,0.0,0.0,0.0,0.0,0.0,0.0,0.0,0.0,0.0,0.0,0.0,0.0,0.0,0.0,0.0,0.0,0.0,0.0,0.0
0.0,0.0,0.0,0.0,0.0,0.0,0.0,0.0,0.0,0.0,0.0,0.0,0.0,0.0,0.0,0.0,0.0,0.0,0.0,0.0,0.0,0.0,0.0
0.0,0.0,0.0,0.0,0.0,0.0,0.0,0.0,0.0,0.0,0.0,0.0,0.0,0.0,0.0,0.0,0.0,0.0,0.0,0.0,0.0,0.0,0.0
0.0,0.0,0.0,0.0,0.0,0.0,0.0,0.0,0.0,0.0,0.0,0.0,0.0,0.0,0.0,0.0,0.0,0.0,0.0,0.0,0.0,0.0,0.0
0.0,0.0,0.0,0.0,0.0,0.0,0.0,0.0,0.0,0.0,0.0,0.0,0.0,0.0,0.0,0.0,0.0,0.0,0.0,0.0,0.0,0.0,0.0
0.0,0.0,0.0,0.0,0.0,0.0,0.0,0.0,0.0,0.0,0.0,0.0,0.0,0.0,0.0,0.0,0.0,0.0,0.0,0.0,0.0,0.0,0.0
0.0,0.0,0.0,0.0,0.0,0.0,0.0,0.0,0.0,0.0,0.0,0.0,0.0,0.0,0.0,0.0,0.0,0.0,0.0,0.0,0.0,0.0,0.0
0.0,0.0,0.0,0.0,0.0,0.0,0.0,0.0,0.0,0.0,0.0,0.0,0.0,0.0,0.0,0.0,0.0,0.0,0.0,0.0,0.0,0.0,0.0
0.0,0.0,0.0,0.0,0.0,0.0,0.0,0.0,0.0,0.0,0.0,0.0,0.0,0.0,0.0,0.0,0.0,0.0,0.0,0.0,0.0,0.0,0.0
0.0,0.0,0.0,0.0,0.0,0.0,0.0,0.0,0.0,0.0,0.0,0.0,0.0,0.0,0.0,0.0,0.0,0.0,0.0,0.0,0.0,0.0,0.0
0.0,0.0,0.0,0.0,0.0,0.0,0.0,0.0,0.0,0.0,0.0,0.0,0.0,0.0,0.0,0.0,0.0,0.0,0.0,0.0,0.0,0.0,0.0
0.0,0.0,0.0,0.0,0.0,0.0,0.0,0.0,0.0,0.0,0.0,0.0,0.0,0.0,0.0,0.0,0.0,0.0,0.0,0.0,0.0,0.0,0.0
0.0,0.0,0.0,0.0,0.0,0.0,0.0,0.0,0.0,0.0,0.0,0.0,0.0,0.0,0.0,0.0,0.0,0.0,0.0,0.0,0.0,0.0,0.0
0.0,0.0,0.0,0.0,0.0,0.0,0.0,0.0,0.0,0.0,0.0,0.0,0.0,0.0,0.0,0.0,0.0,0.0,0.0,0.0,0.0,0.0,0.0
0.0,0.0,0.0,0.0,0.0,0.0,0.0,0.0,0.0,0.0,0.0,0.0,0.0,0.0,0.0,0.0,0.0,0.0,0.0,0.0,0.0,0.0,0.0
0.0,0.0,0.0,0.0,0.0,0.0,0.0,0.0,0.0,0.0,0.0,0.0,0.0,0.0,0.0,0.0,0.0,0.0,0.0,0.0,0.0,0.0,0.0
0.0,0.0,0.0,0.0,0.0,0.0,0.0,0.0,0.0,0.0,0.0,0.0,0.0,0.0,0.0,0.0,0.0,0.0,0.0,0.0,0.0,0.0,0.0
0.0,0.0,0.0,0.0,0.0,0.0,0.0,0.0,0.0,0.0,0.0,0.0,0.0,0.0,0.0,0.0,0.0,0.0,0.0,0.0,0.0,0.0,0.0
0.0,0.0,0.0,0.0,0.0,0.0,0.0,0.0,0.0,0.0,0.0,0.0,0.0,0.0,0.0,0.0,0.0,0.0,0.0,0.0,0.0,0.0,0.0
0.0,0.0,0.0,0.0,0.0,0.0,0.0,0.0,0.0,0.0,0.0,0.0,0.0,0.0,0.0,0.0,0.0,0.0,0.0,0.0,0.0,0.0,0.0
0.0,0.0,0.0,0.0,0.0,0.0,0.0,0.0,0.0,0.0,0.0,0.0,0.0,0.0,0.0,0.0,0.0,0.0,0.0,0.0,0.0,0.0,0.0
0.0,0.0,0.0,0.0,0.0,0.0,0.0,0.0,0.0,0.0,0.0,0.0,0.0,0.0,0.0,0.0,0.0,0.0,0.0,0.0,0.0,0.0,0.0
0.0,0.0,0.0,0.0,0.0,0.0,0.0,0.0,0.0,0.0,0.0,0.0,0.0,0.0,0.0,0.0,0.0,0.0,0.0,0.0,0.0,0.0,0.0
0.0,0.0,0.0,0.0,0.0,0.0,0.0,0.0,0.0,0.0,0.0,0.0,0.0,0.0,0.0,0.0,0.0,0.0,0.0,0.0,0.0,0.0,0.0
0.0,0.0,0.0,0.0,0.0,0.0,0.0,0.0,0.0,0.0,0.0,0.0,0.0,0.0,0.0,0.0,0.0,0.0,0.0,0.0,0.0,0.0,0.0
0.0,0.0,0.0,0.0,0.0,0.0,0.0,0.0,0.0,0.0,0.0,0.0,0.0,0.0,0.0,0.0,0.0,0.0,0.0,0.0,0.0,0.0,0.0
0.0,0.0,0.0,0.0,0.0,0.0,0.0,0.0,0.0,0.0,0.0,0.0,0.0,0.0,0.0,0.0,0.0,0.0,0.0,0.0,0.0,0.0,0.0
0.0,0.0,0.0,0.0,0.0,0.0,0.0,0.0,0.0,0.0,0.0,0.0,0.0,0.0,0.0,0.0,0.0,0.0,0.0,0.0,0.0,0.0,0.0
0.0,0.0,0.0,0.0,0.0,0.0,0.0,0.0,0.0,0.0,0.0,0.0,0.0,0.0,0.0,0.0,0.0,0.0,0.0,0.0,0.0,0.0,0.0
0.0,0.0,0.0,0.0,0.0,0.0,0.0,0.0,0.0,0.0,0.0,0.0,0.0,0.0,0.0,0.0,0.0,0.0,0.0,0.0,0.0,0.0,0.0
0.0,0.0,0.0,0.0,0.0,0.0,0.0,0.0,0.0,0.0,0.0,0.0,0.0,0.0,0.0,0.0,0.0,0.0,0.0,0.0,0.0,0.0,0.0
0.0,0.0,0.0,0.0,0.0,0.0,0.0,0.0,0.0,0.0,0.0,0.0,0.0,0.0,0.0,0.0,0.0,0.0,0.0,0.0,0.0,0.0,0.0
0.0,0.0,0.0,0.0,0.0,0.0,0.0,0.0,0.0,0.0,0.0,0.0,0.0,0.0,0.0,0.0,0.0,0.0,0.0,0.0,0.0,0.0,0.0
0.0,0.0,0.0,0.0,0.0,0.0,0.0,0.0,0.0,0.0,0.0,0.0,0.0,0.0,0.0,0.0,0.0,0.0,0.0,0.0,0.0,0.0,0.0
0.0,0.0,0.0,0.0,0.0,0.0,0.0,0.0,0.0,0.0,0.0,0.0,0.0,0.0,0.0,0.0,0.0,0.0,0.0,0.0,0.0,0.0,0.0
0.0,0.0,0.0,0.0,0.0,0.0,0.0,0.0,0.0,0.0,0.0,0.0,0.0,0.0,0.0,0.0,0.0,0.0,0.0,0.0,0.0,0.0,0.0
0.0,0.0,0.0,0.0,0.0,0.0,0.0,0.0,0.0,0.0,0.0,0.0,0.0,0.0,0.0,0.0,0.0,0.0,0.0,0.0,0.0,0.0,0.0
0.0,0.0,0.0,0.0,0.0,0.0,0.0,0.0,0.0,0.0,0.0,0.0,0.0,0.0,0.0,0.0,0.0,0.0,0.0,0.0,0.0,0.0,0.0
0.0,0.0,0.0,0.0,0.0,0.0,0.0,0.0,0.0,0.0,0.0,0.0,0.0,0.0,0.0,0.0,0.0,0.0,0.0,0.0,0.0,0.0,0.0
0.0,0.0,0.0,0.0,0.0,0.0,0.0,0.0,0.0,0.0,0.0,0.0,0.0,0.0,0.0,0.0,0.0,0.0,0.0,0.0,0.0,0.0,0.0
0.0,0.0,0.0,0.0,0.0,0.0,0.0,0.0,0.0,0.0,0.0,0.0,0.0,0.0,0.0,0.0,0.0,0.0,0.0,0.0,0.0,0.0,0.0
0.0,0.0,0.0,0.0,0.0,0.0,0.0,0.0,0.0,0.0,0.0,0.0,0.0,0.0,0.0,0.0,0.0,0.0,0.0,0.0,0.0,0.0,0.0
0.0,0.0,0.0,0.0,0.0,0.0,0.0,0.0,0.0,0.0,0.0,0.0,0.0,0.0,0.0,0.0,0.0,0.0,0.0,0.0,0.0,0.0,0.0
0.0,0.0,0.0,0.0,0.0,0.0,0.0,0.0,0.0,0.0,0.0,0.0,0.0,0.0,0.0,0.0,0.0,0.0,0.0,0.0,0.0,0.0,0.0
0.0,0.0,0.0,0.0,0.0,0.0,0.0,0.0,0.0,0.0,0.0,0.0,0.0,0.0,0.0,0.0,0.0,0.0,0.0,0.0,0.0,0.0,0.0
0.0,0.0,0.0,0.0,0.0,0.0,0.0,0.0,0.0,0.0,0.0,0.0,0.0,0.0,0.0,0.0,0.0,0.0,0.0,0.0,0.0,0.0,0.0
0.0,0.0,0.0,0.0,0.0,0.0,0.0,0.0,0.0,0.0,0.0,0.0,0.0,0.0,0.0,0.0,0.0,0.0,0.0,0.0,0.0,0.0,0.0
0.0,0.0,0.0,0.0,0.0,0.0,0.0,0.0,0.0,0.0,0.0,0.0,0.0,0.0,0.0,0.0,0.0,0.0,0.0,0.0,0.0,0.0,0.0
0.0,0.0,0.0,0.0,0.0,0.0,0.0,0.0,0.0,0.0,0.0,0.0,0.0,0.0,0.0,0.0,0.0,0.0,0.0,0.0,0.0,0.0,0.0
0.0,0.0,0.0,0.0,0.0,0.0,0.0,0.0,0.0,0.0,0.0,0.0,0.0,0.0,0.0,0.0,0.0,0.0,0.0,0.0,0.0,0.0,0.0
0.0,0.0,0.0,0.0,0.0,0.0,0.0,0.0,0.0,0.0,0.0,0.0,0.0,0.0,0.0,0.0,0.0,0.0,0.0,0.0,0.0,0.0,0.0
0.0,0.0,0.0,0.0,0.0,0.0,0.0,0.0,0.0,0.0,0.0,0.0,0.0,0.0,0.0,0.0,0.0,0.0,0.0,0.0,0.0,0.0,0.0
0.0,0.0,0.0,0.0,0.0,0.0,0.0,0.0,0.0,0.0,0.0,0.0,0.0,0.0,0.0,0.0,0.0,0.0,0.0,0.0,0.0,0.0,0.0
0.0,0.0,0.0,0.0,0.0,0.0,0.0,0.0,0.0,0.0,0.0,0.0,0.0,0.0,0.0,0.0,0.0,0.0,0.0,0.0,0.0,0.0,0.0
0.0,0.0,0.0,0.0,0.0,0.0,0.0,0.0,0.0,0.0,0.0,0.0,0.0,0.0,0.0,0.0,0.0,0.0,0.0,0.0,0.0,0.0,0.0
0.0,0.0,0.0,0.0,0.0,0.0,0.0,0.0,0.0,0.0,0.0,0.0,0.0,0.0,0.0,0.0,0.0,0.0,0.0,0.0,0.0,0.0,0.0
0.0,0.0,0.0,0.0,0.0,0.0,0.0,0.0,0.0,0.0,0.0,0.0,0.0,0.0,0.0,0.0,0.0,0.0,0.0,0.0,0.0,0.0,0.0
0.0,0.0,0.0,0.0,0.0,0.0,0.0,0.0,0.0,0.0,0.0,0.0,0.0,0.0,0.0,0.0,0.0,0.0,0.0,0.0,0.0,0.0,0.0
0.0,0.0,0.0,0.0,0.0,0.0,0.0,0.0,0.0,0.0,0.0,0.0,0.0,0.0,0.0,0.0,0.0,0.0,0.0,0.0,0.0,0.0,0.0
0.0,0.0,0.0,0.0,0.0,0.0,0.0,0.0,0.0,0.0,0.0,0.0,0.0,0.0,0.0,0.0,0.0,0.0,0.0,0.0,0.0,0.0,0.0
0.0,0.0,0.0,0.0,0.0,0.0,0.0,0.0,0.0,0.0,0.0,0.0,0.0,0.0,0.0,0.0,0.0,0.0,0.0,0.0,0.0,0.0,0.0
0.0,0.0,0.0,0.0,0.0,0.0,0.0,0.0,0.0,0.0,0.0,0.0,0.0,0.0,0.0,0.0,0.0,0.0,0.0,0.0,0.0,0.0,0.0
0.0,0.0,0.0,0.0,0.0,0.0,0.0,0.0,0.0,0.0,0.0,0.0,0.0,0.0,0.0,0.0,0.0,0.0,0.0,0.0,0.0,0.0,0.0
0.0,0.0,0.0,0.0,0.0,0.0,0.0,0.0,0.0,0.0,0.0,0.0,0.0,0.0,0.0,0.0,0.0,0.0,0.0,0.0,0.0,0.0,0.0
0.0,0.0,0.0,0.0,0.0,0.0,0.0,0.0,0.0,0.0,0.0,0.0,0.0,0.0,0.0,0.0,0.0,0.0,0.0,0.0,0.0,0.0,0.0
0.0,0.0,0.0,0.0,0.0,0.0,0.0,0.0,0.0,0.0,0.0,0.0,0.0,0.0,0.0,0.0,0.0,0.0,0.0,0.0,0.0,0.0,0.0
0.0,0.0,0.0,0.0,0.0,0.0,0.0,0.0,0.0,0.0,0.0,0.0,0.0,0.0,0.0,0.0,0.0,0.0,0.0,0.0,0.0,0.0,0.0
0.0,0.0,0.0,0.0,0.0,0.0,0.0,0.0,0.0,0.0,0.0,0.0,0.0,0.0,0.0,0.0,0.0,0.0,0.0,0.0,0.0,0.0,0.0
0.0,0.0,0.0,0.0,0.0,0.0,0.0,0.0,0.0,0.0,0.0,0.0,0.0,0.0,0.0,0.0,0.0,0.0,0.0,0.0,0.0,0.0,0.0
0.0,0.0,0.0,0.0,0.0,0.0,0.0,0.0,0.0,0.0,0.0,0.0,0.0,0.0,0.0,0.0,0.0,0.0,0.0,0.0,0.0,0.0,0.0
0.0,0.0,0.0,0.0,0.0,0.0,0.0,0.0,0.0,0.0,0.0,0.0,0.0,0.0,0.0,0.0,0.0,0.0,0.0,0.0,0.0,0.0,0.0
0.0,0.0,0.0,0.0,0.0,0.0,0.0,0.0,0.0,0.0,0.0,0.0,0.0,0.0,0.0,0.0,0.0,0.0,0.0,0.0,0.0,0.0,0.0
0.0,0.0,0.0,0.0,0.0,0.0,0.0,0.0,0.0,0.0,0.0,0.0,0.0,0.0,0.0,0.0,0.0,0.0,0.0,0.0,0.0,0.0,0.0
0.0,0.0,0.0,0.0,0.0,0.0,0.0,0.0,0.0,0.0,0.0,0.0,0.0,0.0,0.0,0.0,0.0,0.0,0.0,0.0,0.0,0.0,0.0
0.0,0.0,0.0,0.0,0.0,0.0,0.0,0.0,0.0,0.0,0.0,0.0,0.0,0.0,0.0,0.0,0.0,0.0,0.0,0.0,0.0,0.0,0.0
0.0,0.0,0.0,0.0,0.0,0.0,0.0,0.0,0.0,0.0,0.0,0.0,0.0,0.0,0.0,0.0,0.0,0.0,0.0,0.0,0.0,0.0,0.0
0.0,0.0,0.0,0.0,0.0,0.0,0.0,0.0,0.0,0.0,0.0,0.0,0.0,0.0,0.0,0.0,0.0,0.0,0.0,0.0,0.0,0.0,0.0
0.0,0.0,0.0,0.0,0.0,0.0,0.0,0.0,0.0,0.0,0.0,0.0,0.0,0.0,0.0,0.0,0.0,0.0,0.0,0.0,0.0,0.0,0.0
0.0,0.0,0.0,0.0,0.0,0.0,0.0,0.0,0.0,0.0,0.0,0.0,0.0,0.0,0.0,0.0,0.0,0.0,0.0,0.0,0.0,0.0,0.0
0.0,0.0,0.0,0.0,0.0,0.0,0.0,0.0,0.0,0.0,0.0,0.0,0.0,0.0,0.0,0.0,0.0,0.0,0.0,0.0,0.0,0.0,0.0
0.0,0.0,0.0,0.0,0.0,0.0,0.0,0.0,0.0,0.0,0.0,0.0,0.0,0.0,0.0,0.0,0.0,0.0,0.0,0.0,0.0,0.0,0.0
0.0,0.0,0.0,0.0,0.0,0.0,0.0,0.0,0.0,0.0,0.0,0.0,0.0,0.0,0.0,0.0,0.0,0.0,0.0,0.0,0.0,0.0,0.0
0.0,0.0,0.0,0.0,0.0,0.0,0.0,0.0,0.0,0.0,0.0,0.0,0.0,0.0,0.0,0.0,0.0,0.0,0.0,0.0,0.0,0.0,0.0
